fecha;post_del_dia;marca;modelo;color;n_fotos;carpeta;texto
2026-10-03;1;Nike;SB Dunk Low;azul denim;6;Nike_SB-Dunk-Low/azul-denim/IG_4x5;"Nike SB Dunk Low en azul denim 👟 Desliza para ver todas las fotos ➡️

#moda #kicks #zapatillasdemoda #sneakerhead #3ypico"
2026-10-03;2;Adidas;Forum Low CL;azul claro y crema;3;Adidas_Forum-Low-CL/azul-claro-crema/IG_4x5;"Adidas Forum Low CL en azul claro y crema 👟 Desliza para ver todas las fotos ➡️

#lookdeldia #estilo #outfit #modaurbana #3ypico"
2026-10-04;1;Adidas;Centennial 85;azul claro;6;Adidas_Centennial-85/azul-claro/IG_4x5;"Adidas Centennial 85 en azul claro 👟 Desliza para ver todas las fotos ➡️

#tendencias #ootd #sneakers #kicks #3ypico"
2026-10-05;1;Nike;SB Dunk Low;azul y lila;3;Nike_SB-Dunk-Low/azul-lila/IG_4x5;"Nike SB Dunk Low en azul y lila 👟 Desliza para ver todas las fotos ➡️

#inspo #streetwear #estilo #sneakerhead #3ypico"
2026-10-05;2;Adidas;Forum Low CL;blanco y azul;2;Adidas_Forum-Low-CL/blanco-azul/IG_4x5;"Adidas Forum Low CL en blanco y azul 👟 Desliza para ver todas las fotos ➡️

#moda #zapatillasdemoda #modaurbana #ootd #3ypico"
2026-10-06;1;Nike;Air Force 1 Mid;blanco;3;Nike_Air-Force-1-Mid/blanco/IG_4x5;"Nike Air Force 1 Mid en blanco 👟 Desliza para ver todas las fotos ➡️

#inspo #streetwear #estilo #kicks #3ypico"
2026-10-07;1;Nike;SB Dunk Low;azul y naranja;4;Nike_SB-Dunk-Low/azul-naranja/IG_4x5;"Nike SB Dunk Low en azul y naranja 👟 Desliza para ver todas las fotos ➡️

#moda #zapatillas #ootd #zapatillasdemoda #3ypico"
2026-10-07;2;Adidas;Forum Low CL;blanco y azul claro;5;Adidas_Forum-Low-CL/blanco-azul-claro/IG_4x5;"Adidas Forum Low CL en blanco y azul claro 👟 Desliza para ver todas las fotos ➡️

#inspo #modaurbana #sneakers #kicks #3ypico"
2026-10-08;1;Adidas;Centennial 85;blanco y gris;3;Adidas_Centennial-85/blanco-gris/IG_4x5;"Adidas Centennial 85 en blanco y gris 👟 Desliza para ver todas las fotos ➡️

#tendencias #sneakerhead #estilo #zapatillas #3ypico"
2026-10-09;1;Nike;SB Dunk Low;azul uni;6;Nike_SB-Dunk-Low/azul-uni/IG_4x5;"Nike SB Dunk Low en azul uni 👟 Desliza para ver todas las fotos ➡️

#lookdeldia #kicks #sneakers #outfit #3ypico"
2026-10-09;2;Adidas;Forum Low CL;blanco y crema;5;Adidas_Forum-Low-CL/blanco-crema/IG_4x5;"Adidas Forum Low CL en blanco y crema 👟 Desliza para ver todas las fotos ➡️

#inspo #modaurbana #ootd #estilo #3ypico"
2026-10-10;1;Adidas;Sambae W;azul claro;6;Adidas_Sambae-W/azul-claro/IG_4x5;"Adidas Sambae W en azul claro 👟 Desliza para ver todas las fotos ➡️

#lookdeldia #streetwear #zapatillasdemoda #kicks #3ypico"
2026-10-11;1;Nike;SB Dunk Low;beige y dorado;4;Nike_SB-Dunk-Low/beige-dorado/IG_4x5;"Nike SB Dunk Low en beige y dorado 👟 Desliza para ver todas las fotos ➡️

#inspo #zapatillas #sneakerhead #sneakers #3ypico"
2026-10-11;2;Nike;Air Force 1 Mid;blanco y azul claro;2;Nike_Air-Force-1-Mid/blanco-azul-claro/IG_4x5;"Nike Air Force 1 Mid en blanco y azul claro 👟 Desliza para ver todas las fotos ➡️

#tendencias #outfit #modaurbana #estilo #3ypico"
2026-10-12;1;Nike;Dunk Low Retro;azul uni;4;Nike_Dunk-Low-Retro/azul-uni/IG_4x5;"Nike Dunk Low Retro en azul uni 👟 Desliza para ver todas las fotos ➡️

#inspo #kicks #zapatillasdemoda #sneakerhead #3ypico"
2026-10-13;1;Nike;SB Dunk Low;beige y morado;4;Nike_SB-Dunk-Low/beige-morado/IG_4x5;"Nike SB Dunk Low en beige y morado 👟 Desliza para ver todas las fotos ➡️

#lookdeldia #estilo #outfit #streetwear #3ypico"
2026-10-13;2;Adidas;Centennial 85;blanco y negro;3;Adidas_Centennial-85/blanco-negro/IG_4x5;"Adidas Centennial 85 en blanco y negro 👟 Desliza para ver todas las fotos ➡️

#inspo #ootd #zapatillas #sneakerhead #3ypico"
2026-10-14;1;Adidas;Forum Low CL;blanco y negro;3;Adidas_Forum-Low-CL/blanco-negro/IG_4x5;"Adidas Forum Low CL en blanco y negro 👟 Desliza para ver todas las fotos ➡️

#tendencias #kicks #outfit #modaurbana #3ypico"
2026-10-15;1;Nike;SB Dunk Low;granate;3;Nike_SB-Dunk-Low/granate/IG_4x5;"Nike SB Dunk Low en granate 👟 Desliza para ver todas las fotos ➡️

#modaespaña #ootd #sneakerhead #estilo #3ypico"
2026-10-15;2;Adidas;Sambae W;azul y rosa;3;Adidas_Sambae-W/azul-rosa/IG_4x5;"Adidas Sambae W en azul y rosa 👟 Desliza para ver todas las fotos ➡️

#tendencias #zapatillasdemoda #kicks #zapatillas #3ypico"
2026-10-16;1;Nike;Air Force 1 Mid;blanco y azul royal;6;Nike_Air-Force-1-Mid/blanco-azul-royal/IG_4x5;"Nike Air Force 1 Mid en blanco y azul royal 👟 Desliza para ver todas las fotos ➡️

#lookdeldia #streetwear #sneakers #outfit #3ypico"
2026-10-17;1;Nike;SB Dunk Low;gris claro;6;Nike_SB-Dunk-Low/gris-claro/IG_4x5;"Nike SB Dunk Low en gris claro 👟 Desliza para ver todas las fotos ➡️

#inspo #zapatillas #estilo #kicks #3ypico"
2026-10-17;2;Nike;Dunk Low Retro;granate;2;Nike_Dunk-Low-Retro/granate/IG_4x5;"Nike Dunk Low Retro en granate 👟 Desliza para ver todas las fotos ➡️

#tendencias #outfit #sneakerhead #sneakers #3ypico"
2026-10-18;1;Adidas;Campus 00s;azul;3;Adidas_Campus-00s/azul/IG_4x5;"Adidas Campus 00s en azul 👟 Desliza para ver todas las fotos ➡️

#lookdeldia #modaurbana #kicks #zapatillas #3ypico"
2026-10-19;1;Nike;SB Dunk Low;gris humo y negro;6;Nike_SB-Dunk-Low/gris-humo-negro/IG_4x5;"Nike SB Dunk Low en gris humo y negro 👟 Desliza para ver todas las fotos ➡️

#tendencias #estilo #zapatillasdemoda #sneakers #3ypico"
2026-10-19;2;Adidas;Centennial 85;granate;6;Adidas_Centennial-85/granate/IG_4x5;"Adidas Centennial 85 en granate 👟 Desliza para ver todas las fotos ➡️

#inspo #ootd #modaurbana #streetwear #3ypico"
2026-10-20;1;Adidas;Forum Exhibit;blanco y azul claro;6;Adidas_Forum-Exhibit/blanco-azul-claro/IG_4x5;"Adidas Forum Exhibit en blanco y azul claro 👟 Desliza para ver todas las fotos ➡️

#modaespaña #estilo #zapatillas #sneakers #3ypico"
2026-10-21;1;Nike;SB Dunk Low;marino y crema;3;Nike_SB-Dunk-Low/marino-crema/IG_4x5;"Nike SB Dunk Low en marino y crema 👟 Desliza para ver todas las fotos ➡️

#lookdeldia #sneakerhead #kicks #ootd #3ypico"
2026-10-21;2;Adidas;Forum Low CL;blanco y rojo;3;Adidas_Forum-Low-CL/blanco-rojo/IG_4x5;"Adidas Forum Low CL en blanco y rojo 👟 Desliza para ver todas las fotos ➡️

#tendencias #zapatillas #outfit #streetwear #3ypico"
2026-10-22;1;Adidas;Sambae W;blanco y amarillo;3;Adidas_Sambae-W/blanco-amarillo/IG_4x5;"Adidas Sambae W en blanco y amarillo 👟 Desliza para ver todas las fotos ➡️

#lookdeldia #sneakerhead #zapatillasdemoda #sneakers #3ypico"
2026-10-23;1;Nike;Air Force 1 Mid;blanco y gris;6;Nike_Air-Force-1-Mid/blanco-gris/IG_4x5;"Nike Air Force 1 Mid en blanco y gris 👟 Desliza para ver todas las fotos ➡️

#modaespaña #outfit #kicks #streetwear #3ypico"
2026-10-23;2;Nike;Dunk Low Retro;gris y negro;2;Nike_Dunk-Low-Retro/gris-negro/IG_4x5;"Nike Dunk Low Retro en gris y negro 👟 Desliza para ver todas las fotos ➡️

#inspo #estilo #zapatillasdemoda #modaurbana #3ypico"
2026-10-24;1;Nike;SB Dunk Low;michigan;3;Nike_SB-Dunk-Low/michigan/IG_4x5;"Nike SB Dunk Low en michigan 👟 Desliza para ver todas las fotos ➡️

#lookdeldia #ootd #outfit #sneakers #3ypico"
2026-10-25;1;Adidas;Campus 00s;beige;3;Adidas_Campus-00s/beige/IG_4x5;"Adidas Campus 00s en beige 👟 Desliza para ver todas las fotos ➡️

#modaespaña #estilo #zapatillasdemoda #sneakerhead #3ypico"
2026-10-25;2;Adidas;Centennial 85;gris;3;Adidas_Centennial-85/gris/IG_4x5;"Adidas Centennial 85 en gris 👟 Desliza para ver todas las fotos ➡️

#lookdeldia #outfit #streetwear #modaurbana #3ypico"
2026-10-26;1;Adidas;Forum Exhibit;blanco marino;6;Adidas_Forum-Exhibit/blanco-marino/IG_4x5;"Adidas Forum Exhibit en blanco marino 👟 Desliza para ver todas las fotos ➡️

#modaespaña #ootd #sneakerhead #sneakers #3ypico"
2026-10-27;1;Adidas;Forum Low CL;crema y negro;6;Adidas_Forum-Low-CL/crema-negro/IG_4x5;"Adidas Forum Low CL en crema y negro 👟 Desliza para ver todas las fotos ➡️

#inspo #modaurbana #outfit #zapatillas #3ypico"
2026-10-27;2;Adidas;Sambae W;blanco y negro;3;Adidas_Sambae-W/blanco-negro/IG_4x5;"Adidas Sambae W en blanco y negro 👟 Desliza para ver todas las fotos ➡️

#lookdeldia #ootd #kicks #zapatillasdemoda #3ypico"
2026-10-28;1;Nike;Air Force 1 Mid;blanco y negro;3;Nike_Air-Force-1-Mid/blanco-negro/IG_4x5;"Nike Air Force 1 Mid en blanco y negro 👟 Desliza para ver todas las fotos ➡️

#moda #sneakers #estilo #sneakerhead #3ypico"
2026-10-29;1;Nike;Dunk Low Retro;marron y crema;2;Nike_Dunk-Low-Retro/marron-crema/IG_4x5;"Nike Dunk Low Retro en marron y crema 👟 Desliza para ver todas las fotos ➡️

#inspo #outfit #zapatillasdemoda #ootd #3ypico"
2026-10-29;2;Nike;Jordan Stadium 90;blanco y dorado;2;Nike_Jordan-Stadium-90/blanco-dorado/IG_4x5;"Nike Jordan Stadium 90 en blanco y dorado 👟 Desliza para ver todas las fotos ➡️

#modaespaña #modaurbana #streetwear #sneakers #3ypico"
2026-10-30;1;Nike;SB Dunk Low;panda;6;Nike_SB-Dunk-Low/panda/IG_4x5;"Nike SB Dunk Low en panda 👟 Desliza para ver todas las fotos ➡️

#tendencias #zapatillasdemoda #zapatillas #outfit #3ypico"
2026-10-31;1;Nike;Zoom Pegasus;blanco y aguamarina;6;Nike_Zoom-Pegasus/blanco-aguamarina/IG_4x5;"Nike Zoom Pegasus en blanco y aguamarina 👟 Desliza para ver todas las fotos ➡️

#lookdeldia #ootd #estilo #corredores #3ypico"
2026-10-31;2;Adidas;ADISTAR 1;azul marino;6;Adidas_ADISTAR-1/azul-marino/IG_4x5;"Adidas ADISTAR 1 en azul marino 👟 Desliza para ver todas las fotos ➡️

#modaespaña #sneakerhead #kicks #runner #3ypico"
2026-11-01;1;Adidas;Adizero Evo SL;azul claro;3;Adidas_Adizero-Evo-SL/azul-claro/IG_4x5;"Adidas Adizero Evo SL en azul claro 👟 Desliza para ver todas las fotos ➡️

#lookdeldia #modaurbana #ootd #zapatillasrunning #3ypico"
2026-11-02;1;Adidas;Campus 00s;gris y verde;3;Adidas_Campus-00s/gris-verde/IG_4x5;"Adidas Campus 00s en gris y verde 👟 Desliza para ver todas las fotos ➡️

#modaespaña #zapatillasdemoda #sneakers #sneakerhead #3ypico"
2026-11-02;2;Adidas;Centennial 85;lila y amarillo;6;Adidas_Centennial-85/lila-amarillo/IG_4x5;"Adidas Centennial 85 en lila y amarillo 👟 Desliza para ver todas las fotos ➡️

#lookdeldia #modaurbana #streetwear #ootd #3ypico"
2026-11-03;1;Adidas;Forum Exhibit;blanco y negro;6;Adidas_Forum-Exhibit/blanco-negro/IG_4x5;"Adidas Forum Exhibit en blanco y negro 👟 Desliza para ver todas las fotos ➡️

#modaespaña #zapatillas #sneakerhead #zapatillasdemoda #3ypico"
2026-11-04;1;Adidas;Forum Low CL;gris y verde;6;Adidas_Forum-Low-CL/gris-verde/IG_4x5;"Adidas Forum Low CL en gris y verde 👟 Desliza para ver todas las fotos ➡️

#inspo #ootd #kicks #sneakers #3ypico"
2026-11-04;2;Adidas;Sambae W;blanco, negro y rosa;5;Adidas_Sambae-W/blanco-negro-rosa/IG_4x5;"Adidas Sambae W en blanco, negro y rosa 👟 Desliza para ver todas las fotos ➡️

#tendencias #estilo #streetwear #modaurbana #3ypico"
2026-11-05;1;Nike;Air Force 1 Mid;blanco y negro nba;3;Nike_Air-Force-1-Mid/blanco-negro-nba/IG_4x5;"Nike Air Force 1 Mid en blanco y negro nba 👟 Desliza para ver todas las fotos ➡️

#modaespaña #outfit #zapatillas #sneakers #3ypico"
2026-11-06;1;Nike;Dunk Low Retro;naranja;2;Nike_Dunk-Low-Retro/naranja/IG_4x5;"Nike Dunk Low Retro en naranja 👟 Desliza para ver todas las fotos ➡️

#lookdeldia #zapatillasdemoda #kicks #streetwear #3ypico"
2026-11-06;2;Nike;Jordan Stadium 90;blanco y negro;6;Nike_Jordan-Stadium-90/blanco-negro/IG_4x5;"Nike Jordan Stadium 90 en blanco y negro 👟 Desliza para ver todas las fotos ➡️

#inspo #sneakerhead #zapatillas #ootd #3ypico"
2026-11-07;1;Nike;Mind;blanco;6;Nike_Mind/blanco/IG_4x5;"Nike Mind en blanco 👟 Desliza para ver todas las fotos ➡️

#tendencias #sneakers #modaurbana #comodidad #3ypico"
2026-11-08;1;Nike;SB Dunk Low;rojo;2;Nike_SB-Dunk-Low/rojo/IG_4x5;"Nike SB Dunk Low en rojo 👟 Desliza para ver todas las fotos ➡️

#lookdeldia #streetwear #zapatillasdemoda #estilo #3ypico"
2026-11-08;2;Nike;Zoom Pegasus;blanco, amarillo y rojo;6;Nike_Zoom-Pegasus/blanco-amarillo-rojo/IG_4x5;"Nike Zoom Pegasus en blanco, amarillo y rojo 👟 Desliza para ver todas las fotos ➡️

#modaespaña #kicks #ootd #running #3ypico"
2026-11-09;1;Adidas;ADISTAR 1;blanco y negro;6;Adidas_ADISTAR-1/blanco-negro/IG_4x5;"Adidas ADISTAR 1 en blanco y negro 👟 Desliza para ver todas las fotos ➡️

#lookdeldia #sneakerhead #streetwear #zapatillasrunning #3ypico"
2026-11-10;1;Adidas;Adizero Adios 4 M;amarillo y azul;3;Adidas_Adizero-Adios-4-M/amarillo-azul/IG_4x5;"Adidas Adizero Adios 4 M en amarillo y azul 👟 Desliza para ver todas las fotos ➡️

#modaespaña #kicks #outfit #correr #3ypico"
2026-11-10;2;Adidas;Adizero Evo SL;azul marino lima;3;Adidas_Adizero-Evo-SL/azul-marino-lima/IG_4x5;"Adidas Adizero Evo SL en azul marino lima 👟 Desliza para ver todas las fotos ➡️

#lookdeldia #ootd #estilo #zapatillasrunning #3ypico"
2026-11-11;1;Adidas;Campus 00s;marron;3;Adidas_Campus-00s/marron/IG_4x5;"Adidas Campus 00s en marron 👟 Desliza para ver todas las fotos ➡️

#tendencias #zapatillasdemoda #zapatillas #streetwear #3ypico"
2026-11-12;1;Adidas;Centennial 85;naranja;3;Adidas_Centennial-85/naranja/IG_4x5;"Adidas Centennial 85 en naranja 👟 Desliza para ver todas las fotos ➡️

#moda #estilo #modaurbana #ootd #3ypico"
2026-11-12;2;Adidas;Forum Exhibit;camel;3;Adidas_Forum-Exhibit/camel/IG_4x5;"Adidas Forum Exhibit en camel 👟 Desliza para ver todas las fotos ➡️

#modaespaña #sneakers #zapatillasdemoda #streetwear #3ypico"
2026-11-13;1;Adidas;Forum Low CL;lila;3;Adidas_Forum-Low-CL/lila/IG_4x5;"Adidas Forum Low CL en lila 👟 Desliza para ver todas las fotos ➡️

#lookdeldia #modaurbana #outfit #sneakerhead #3ypico"
2026-11-14;1;Adidas;Samba Kasina;crema y amarillo;6;Adidas_Samba-Kasina/crema-amarillo/IG_4x5;"Adidas Samba Kasina en crema y amarillo 👟 Desliza para ver todas las fotos ➡️

#tendencias #kicks #ootd #streetwear #3ypico"
2026-11-14;2;Adidas;Sambae W;blanco y verde;6;Adidas_Sambae-W/blanco-verde/IG_4x5;"Adidas Sambae W en blanco y verde 👟 Desliza para ver todas las fotos ➡️

#moda #zapatillasdemoda #zapatillas #sneakers #3ypico"
2026-11-15;1;Nike;Air Force 1 Mid;blanco y rojo;3;Nike_Air-Force-1-Mid/blanco-rojo/IG_4x5;"Nike Air Force 1 Mid en blanco y rojo 👟 Desliza para ver todas las fotos ➡️

#tendencias #kicks #ootd #modaurbana #3ypico"
2026-11-16;1;Nike;Dunk Low Retro;negro gum;2;Nike_Dunk-Low-Retro/negro-gum/IG_4x5;"Nike Dunk Low Retro en negro gum 👟 Desliza para ver todas las fotos ➡️

#modaespaña #streetwear #outfit #sneakers #3ypico"
2026-11-16;2;Nike;Jordan Stadium 90;blanco y rojo;6;Nike_Jordan-Stadium-90/blanco-rojo/IG_4x5;"Nike Jordan Stadium 90 en blanco y rojo 👟 Desliza para ver todas las fotos ➡️

#tendencias #modaurbana #zapatillasdemoda #zapatillas #3ypico"
2026-11-17;1;Nike;Mind;crema;6;Nike_Mind/crema/IG_4x5;"Nike Mind en crema 👟 Desliza para ver todas las fotos ➡️

#modaespaña #estilo #streetwear #comodidad #3ypico"
2026-11-18;1;Nike;Quest 6;azul y turquesa;3;Nike_Quest-6/azul-turquesa/IG_4x5;"Nike Quest 6 en azul y turquesa 👟 Desliza para ver todas las fotos ➡️

#tendencias #zapatillasdemoda #sneakers #correr #3ypico"
2026-11-18;2;Nike;SB Dunk Low;rosa claro;3;Nike_SB-Dunk-Low/rosa-claro/IG_4x5;"Nike SB Dunk Low en rosa claro 👟 Desliza para ver todas las fotos ➡️

#moda #modaurbana #sneakerhead #estilo #3ypico"
2026-11-19;1;Nike;Zoom Pegasus;blanco y lila;6;Nike_Zoom-Pegasus/blanco-lila/IG_4x5;"Nike Zoom Pegasus en blanco y lila 👟 Desliza para ver todas las fotos ➡️

#inspo #kicks #sneakers #corredores #3ypico"
2026-11-20;1;Adidas;ADISTAR 1;crema y morado;6;Adidas_ADISTAR-1/crema-morado/IG_4x5;"Adidas ADISTAR 1 en crema y morado 👟 Desliza para ver todas las fotos ➡️

#moda #outfit #zapatillas #running #3ypico"
2026-11-20;2;Adidas;Adizero Adios 4 M;blanco y rojo;6;Adidas_Adizero-Adios-4-M/blanco-rojo/IG_4x5;"Adidas Adizero Adios 4 M en blanco y rojo 👟 Desliza para ver todas las fotos ➡️

#modaespaña #estilo #zapatillasdemoda #zapatillasrunning #3ypico"
2026-11-21;1;Adidas;Adizero Evo SL;blanco y verde;3;Adidas_Adizero-Evo-SL/blanco-verde/IG_4x5;"Adidas Adizero Evo SL en blanco y verde 👟 Desliza para ver todas las fotos ➡️

#moda #sneakers #streetwear #correr #3ypico"
2026-11-22;1;Adidas;Campus 00s;negro;6;Adidas_Campus-00s/negro/IG_4x5;"Adidas Campus 00s en negro 👟 Desliza para ver todas las fotos ➡️

#tendencias #modaurbana #sneakerhead #zapatillasdemoda #3ypico"
2026-11-22;2;Adidas;Centennial 85;negro;3;Adidas_Centennial-85/negro/IG_4x5;"Adidas Centennial 85 en negro 👟 Desliza para ver todas las fotos ➡️

#moda #outfit #streetwear #kicks #3ypico"
2026-11-23;1;Adidas;Forum Exhibit;crema y marron;6;Adidas_Forum-Exhibit/crema-marron/IG_4x5;"Adidas Forum Exhibit en crema y marron 👟 Desliza para ver todas las fotos ➡️

#tendencias #zapatillasdemoda #sneakers #zapatillas #3ypico"
2026-11-24;1;Adidas;Forum Low CL;marron y rosa;3;Adidas_Forum-Low-CL/marron-rosa/IG_4x5;"Adidas Forum Low CL en marron y rosa 👟 Desliza para ver todas las fotos ➡️

#moda #sneakerhead #kicks #estilo #3ypico"
2026-11-24;2;Adidas;NEO Hoops 3.0;blanco cordones estampados;4;Adidas_NEO-Hoops-3/blanco-cordones-estampados/IG_4x5;"Adidas NEO Hoops 3.0 en blanco cordones estampados 👟 Desliza para ver todas las fotos ➡️

#tendencias #zapatillasdemoda #ootd #sneakers #3ypico"
2026-11-25;1;Adidas;NY 90;azul marino;6;Adidas_NY-90/azul-marino/IG_4x5;"Adidas NY 90 en azul marino 👟 Desliza para ver todas las fotos ➡️

#inspo #streetwear #sneakerhead #zapatillas #3ypico"
2026-11-26;1;Adidas;Samba Kasina;crema y negro;6;Adidas_Samba-Kasina/crema-negro/IG_4x5;"Adidas Samba Kasina en crema y negro 👟 Desliza para ver todas las fotos ➡️

#modaespaña #modaurbana #zapatillasdemoda #ootd #3ypico"
2026-11-26;2;Adidas;Sambae W;estampado;6;Adidas_Sambae-W/estampado/IG_4x5;"Adidas Sambae W en estampado 👟 Desliza para ver todas las fotos ➡️

#lookdeldia #sneakerhead #kicks #zapatillas #3ypico"
2026-11-27;1;Nike;Air Force 1 Mid;marron oscuro;3;Nike_Air-Force-1-Mid/marron-oscuro/IG_4x5;"Nike Air Force 1 Mid en marron oscuro 👟 Desliza para ver todas las fotos ➡️

#modaespaña #estilo #sneakers #streetwear #3ypico"
2026-11-28;1;Nike;Dunk Low Retro;rojo;2;Nike_Dunk-Low-Retro/rojo/IG_4x5;"Nike Dunk Low Retro en rojo 👟 Desliza para ver todas las fotos ➡️

#tendencias #zapatillasdemoda #kicks #modaurbana #3ypico"
2026-11-28;2;Nike;Jordan Stadium 90;marron;6;Nike_Jordan-Stadium-90/marron/IG_4x5;"Nike Jordan Stadium 90 en marron 👟 Desliza para ver todas las fotos ➡️

#moda #outfit #zapatillas #sneakers #3ypico"
2026-11-29;1;Nike;Mind;gris claro;6;Nike_Mind/gris-claro/IG_4x5;"Nike Mind en gris claro 👟 Desliza para ver todas las fotos ➡️

#lookdeldia #modaurbana #ootd #slides #3ypico"
2026-11-30;1;Nike;Quest 6;blanco y dorado;6;Nike_Quest-6/blanco-dorado/IG_4x5;"Nike Quest 6 en blanco y dorado 👟 Desliza para ver todas las fotos ➡️

#tendencias #zapatillasdemoda #sneakers #corredores #3ypico"
2026-11-30;2;Nike;SB Dunk Low;rosa y fucsia;3;Nike_SB-Dunk-Low/rosa-fucsia/IG_4x5;"Nike SB Dunk Low en rosa y fucsia 👟 Desliza para ver todas las fotos ➡️

#inspo #modaurbana #outfit #ootd #3ypico"
2026-12-01;1;Nike;Vomero;blanco y crema;6;Nike_Vomero/blanco-crema/IG_4x5;"Nike Vomero en blanco y crema 👟 Desliza para ver todas las fotos ➡️

#lookdeldia #sneakers #zapatillas #runner #3ypico"
2026-12-02;1;Nike;Zoom Pegasus;blanco, naranja y azul;6;Nike_Zoom-Pegasus/blanco-naranja-azul/IG_4x5;"Nike Zoom Pegasus en blanco, naranja y azul 👟 Desliza para ver todas las fotos ➡️

#modaespaña #streetwear #zapatillasdemoda #correr #3ypico"
2026-12-02;2;Salomon;Trendy Off Road;arena y naranja;5;Salomon_Trendy-Off-Road/arena-naranja/IG_4x5;"Salomon Trendy Off Road en arena y naranja 👟 Desliza para ver todas las fotos ➡️

#moda #ootd #zapatillas #sneakers #3ypico"
2026-12-03;1;Salomon;XA Pro 3D;azul, gris y naranja;6;Salomon_XA-Pro-3D/azul-gris-naranja/IG_4x5;"Salomon XA Pro 3D en azul, gris y naranja 👟 Desliza para ver todas las fotos ➡️

#lookdeldia #outfit #modaurbana #senderismo #3ypico"
2026-12-04;1;Adidas;ADISTAR 1;naranja;6;Adidas_ADISTAR-1/naranja/IG_4x5;"Adidas ADISTAR 1 en naranja 👟 Desliza para ver todas las fotos ➡️

#tendencias #kicks #ootd #running #3ypico"
2026-12-04;2;Adidas;Adizero Adios 4 M;gris oscuro;2;Adidas_Adizero-Adios-4-M/gris-oscuro/IG_4x5;"Adidas Adizero Adios 4 M en gris oscuro 👟 Desliza para ver todas las fotos ➡️

#inspo #zapatillas #estilo #zapatillasrunning #3ypico"
2026-12-05;1;Adidas;Adizero Evo SL;gris y blanco;3;Adidas_Adizero-Evo-SL/gris-blanco/IG_4x5;"Adidas Adizero Evo SL en gris y blanco 👟 Desliza para ver todas las fotos ➡️

#tendencias #sneakers #outfit #runner #3ypico"
2026-12-06;1;Adidas;Campus 00s;negro estampado;3;Adidas_Campus-00s/negro-estampado/IG_4x5;"Adidas Campus 00s en negro estampado 👟 Desliza para ver todas las fotos ➡️

#modaespaña #zapatillasdemoda #zapatillas #sneakerhead #3ypico"
2026-12-06;2;Adidas;Centennial 85;rojo;3;Adidas_Centennial-85/rojo/IG_4x5;"Adidas Centennial 85 en rojo 👟 Desliza para ver todas las fotos ➡️

#tendencias #ootd #estilo #streetwear #3ypico"
2026-12-07;1;Adidas;Drop Step XL;azul claro;6;Adidas_Drop-Step-XL/azul-claro/IG_4x5;"Adidas Drop Step XL en azul claro 👟 Desliza para ver todas las fotos ➡️

#moda #sneakerhead #sneakers #kicks #3ypico"
2026-12-08;1;Adidas;Forum Exhibit;granate y rojo;3;Adidas_Forum-Exhibit/granate-rojo/IG_4x5;"Adidas Forum Exhibit en granate y rojo 👟 Desliza para ver todas las fotos ➡️

#tendencias #ootd #estilo #zapatillasdemoda #3ypico"
2026-12-08;2;Adidas;Forum Low CL;mostaza;3;Adidas_Forum-Low-CL/mostaza/IG_4x5;"Adidas Forum Low CL en mostaza 👟 Desliza para ver todas las fotos ➡️

#lookdeldia #outfit #sneakerhead #kicks #3ypico"
2026-12-09;1;Adidas;NEO Hoops 3.0;blanco y negro;4;Adidas_NEO-Hoops-3/blanco-negro/IG_4x5;"Adidas NEO Hoops 3.0 en blanco y negro 👟 Desliza para ver todas las fotos ➡️

#tendencias #sneakers #modaurbana #ootd #3ypico"
2026-12-10;1;Adidas;NY 90;blanco marino;6;Adidas_NY-90/blanco-marino/IG_4x5;"Adidas NY 90 en blanco marino 👟 Desliza para ver todas las fotos ➡️

#modaespaña #zapatillas #estilo #zapatillasdemoda #3ypico"
2026-12-10;2;Adidas;Samba Kasina;crema y rosa;6;Adidas_Samba-Kasina/crema-rosa/IG_4x5;"Adidas Samba Kasina en crema y rosa 👟 Desliza para ver todas las fotos ➡️

#tendencias #modaurbana #sneakers #streetwear #3ypico"
2026-12-11;1;Adidas;Sambae W;lila y blanco;3;Adidas_Sambae-W/lila-blanco/IG_4x5;"Adidas Sambae W en lila y blanco 👟 Desliza para ver todas las fotos ➡️

#modaespaña #kicks #zapatillas #sneakerhead #3ypico"
2026-12-12;1;Adidas;Superstar;blanco y negro;6;Adidas_Superstar/blanco-negro/IG_4x5;"Adidas Superstar en blanco y negro 👟 Desliza para ver todas las fotos ➡️

#moda #ootd #streetwear #estilo #3ypico"
2026-12-12;2;Nike;Air Force 1 Low;amarillo;6;Nike_Air-Force-1-Low/amarillo/IG_4x5;"Nike Air Force 1 Low en amarillo 👟 Desliza para ver todas las fotos ➡️

#inspo #sneakerhead #kicks #modaurbana #3ypico"
2026-12-13;1;Nike;Air Force 1 Mid;multicolor;3;Nike_Air-Force-1-Mid/multicolor/IG_4x5;"Nike Air Force 1 Mid en multicolor 👟 Desliza para ver todas las fotos ➡️

#lookdeldia #streetwear #estilo #outfit #3ypico"
2026-12-14;1;Nike;Dunk Low Retro;rosa claro;2;Nike_Dunk-Low-Retro/rosa-claro/IG_4x5;"Nike Dunk Low Retro en rosa claro 👟 Desliza para ver todas las fotos ➡️

#tendencias #modaurbana #ootd #zapatillas #3ypico"
2026-12-14;2;Nike;Jordan Stadium 90;menta y lila;5;Nike_Jordan-Stadium-90/menta-lila/IG_4x5;"Nike Jordan Stadium 90 en menta y lila 👟 Desliza para ver todas las fotos ➡️

#inspo #kicks #zapatillasdemoda #sneakerhead #3ypico"
2026-12-15;1;Nike;Mind;marron oscuro;5;Nike_Mind/marron-oscuro/IG_4x5;"Nike Mind en marron oscuro 👟 Desliza para ver todas las fotos ➡️

#lookdeldia #modaurbana #estilo #slides #3ypico"
2026-12-16;1;Nike;Quest 6;blanco y negro;6;Nike_Quest-6/blanco-negro/IG_4x5;"Nike Quest 6 en blanco y negro 👟 Desliza para ver todas las fotos ➡️

#moda #zapatillasdemoda #zapatillas #runner #3ypico"
2026-12-16;2;Nike;SB Dunk Low;verde lima;3;Nike_SB-Dunk-Low/verde-lima/IG_4x5;"Nike SB Dunk Low en verde lima 👟 Desliza para ver todas las fotos ➡️

#tendencias #kicks #modaurbana #streetwear #3ypico"
2026-12-17;1;Nike;Vomero;rosa y naranja;6;Nike_Vomero/rosa-naranja/IG_4x5;"Nike Vomero en rosa y naranja 👟 Desliza para ver todas las fotos ➡️

#modaespaña #sneakerhead #zapatillas #runner #3ypico"
2026-12-18;1;Nike;Zoom Pegasus;lima neon;6;Nike_Zoom-Pegasus/lima-neon/IG_4x5;"Nike Zoom Pegasus en lima neon 👟 Desliza para ver todas las fotos ➡️

#lookdeldia #estilo #zapatillasdemoda #zapatillasrunning #3ypico"
2026-12-18;2;Salomon;Trendy Off Road;blanco, gris y azul;5;Salomon_Trendy-Off-Road/blanco-gris-azul/IG_4x5;"Salomon Trendy Off Road en blanco, gris y azul 👟 Desliza para ver todas las fotos ➡️

#inspo #outfit #zapatillas #sneakers #3ypico"
2026-12-19;1;Salomon;XA Pro 3D;blanco y rojo;6;Salomon_XA-Pro-3D/blanco-rojo/IG_4x5;"Salomon XA Pro 3D en blanco y rojo 👟 Desliza para ver todas las fotos ➡️

#modaespaña #modaurbana #kicks #outdoor #3ypico"
2026-12-20;1;Adidas;ADISTAR 1;negro;6;Adidas_ADISTAR-1/negro/IG_4x5;"Adidas ADISTAR 1 en negro 👟 Desliza para ver todas las fotos ➡️

#moda #estilo #zapatillas #corredores #3ypico"
2026-12-20;2;Adidas;Adizero Adios 4 M;negro;4;Adidas_Adizero-Adios-4-M/negro/IG_4x5;"Adidas Adizero Adios 4 M en negro 👟 Desliza para ver todas las fotos ➡️

#inspo #streetwear #outfit #correr #3ypico"
2026-12-21;1;Adidas;Adizero Adios Pro 4;blanco y rojo;6;Adidas_Adizero-Adios-Pro-4/blanco-rojo/IG_4x5;"Adidas Adizero Adios Pro 4 en blanco y rojo 👟 Desliza para ver todas las fotos ➡️

#moda #kicks #modaurbana #running #3ypico"
2026-12-22;1;Adidas;Adizero Evo SL;negro y azul;3;Adidas_Adizero-Evo-SL/negro-azul/IG_4x5;"Adidas Adizero Evo SL en negro y azul 👟 Desliza para ver todas las fotos ➡️

#inspo #zapatillas #ootd #correr #3ypico"
2026-12-22;2;Adidas;Campus 00s;rojo;3;Adidas_Campus-00s/rojo/IG_4x5;"Adidas Campus 00s en rojo 👟 Desliza para ver todas las fotos ➡️

#tendencias #kicks #sneakerhead #outfit #3ypico"
2026-12-23;1;Adidas;Centennial 85;turquesa;3;Adidas_Centennial-85/turquesa/IG_4x5;"Adidas Centennial 85 en turquesa 👟 Desliza para ver todas las fotos ➡️

#moda #zapatillas #streetwear #zapatillasdemoda #3ypico"
2026-12-24;1;Adidas;Drop Step XL;blanco, negro y rojo;6;Adidas_Drop-Step-XL/blanco-negro-rojo/IG_4x5;"Adidas Drop Step XL en blanco, negro y rojo 👟 Desliza para ver todas las fotos ➡️

#lookdeldia #sneakerhead #kicks #modaurbana #3ypico"
2026-12-24;2;Adidas;Forum Exhibit;lila y gris;3;Adidas_Forum-Exhibit/lila-gris/IG_4x5;"Adidas Forum Exhibit en lila y gris 👟 Desliza para ver todas las fotos ➡️

#tendencias #streetwear #zapatillas #zapatillasdemoda #3ypico"
2026-12-25;1;Adidas;Forum Low CL;negro;3;Adidas_Forum-Low-CL/negro/IG_4x5;"Adidas Forum Low CL en negro 👟 Desliza para ver todas las fotos ➡️

#moda #outfit #sneakerhead #estilo #3ypico"
2026-12-26;1;Adidas;NEO Hoops 3.0;blanco, verde y azul;6;Adidas_NEO-Hoops-3/blanco-verde-azul/IG_4x5;"Adidas NEO Hoops 3.0 en blanco, verde y azul 👟 Desliza para ver todas las fotos ➡️

#tendencias #zapatillasdemoda #sneakers #streetwear #3ypico"
2026-12-26;2;Adidas;NY 90;blanco y rojo;6;Adidas_NY-90/blanco-rojo/IG_4x5;"Adidas NY 90 en blanco y rojo 👟 Desliza para ver todas las fotos ➡️

#lookdeldia #zapatillas #outfit #estilo #3ypico"
2026-12-27;1;Adidas;Samba Kasina;negro;6;Adidas_Samba-Kasina/negro/IG_4x5;"Adidas Samba Kasina en negro 👟 Desliza para ver todas las fotos ➡️

#modaespaña #sneakers #kicks #streetwear #3ypico"
2026-12-28;1;Adidas;Sambae W;menta y crema;6;Adidas_Sambae-W/menta-crema/IG_4x5;"Adidas Sambae W en menta y crema 👟 Desliza para ver todas las fotos ➡️

#lookdeldia #estilo #zapatillasdemoda #zapatillas #3ypico"
2026-12-28;2;Adidas;Superstar;negro;6;Adidas_Superstar/negro/IG_4x5;"Adidas Superstar en negro 👟 Desliza para ver todas las fotos ➡️

#moda #ootd #modaurbana #outfit #3ypico"
2026-12-29;1;Nike;Air Force 1 Low;gris perla;6;Nike_Air-Force-1-Low/gris-perla/IG_4x5;"Nike Air Force 1 Low en gris perla 👟 Desliza para ver todas las fotos ➡️

#inspo #zapatillas #estilo #sneakerhead #3ypico"
2026-12-30;1;Nike;Air Force 1 Mid;negro;3;Nike_Air-Force-1-Mid/negro/IG_4x5;"Nike Air Force 1 Mid en negro 👟 Desliza para ver todas las fotos ➡️

#tendencias #outfit #sneakers #zapatillasdemoda #3ypico"
2026-12-30;2;Nike;Dunk Low Retro;rosa y granate;2;Nike_Dunk-Low-Retro/rosa-granate/IG_4x5;"Nike Dunk Low Retro en rosa y granate 👟 Desliza para ver todas las fotos ➡️

#inspo #zapatillas #estilo #modaurbana #3ypico"
2026-12-31;1;Nike;Jordan Stadium 90;rosa;6;Nike_Jordan-Stadium-90/rosa/IG_4x5;"Nike Jordan Stadium 90 en rosa 👟 Desliza para ver todas las fotos ➡️

#modaespaña #sneakers #ootd #zapatillasdemoda #3ypico"
2027-01-01;1;Nike;Mind;negro;6;Nike_Mind/negro/IG_4x5;"Nike Mind en negro 👟 Desliza para ver todas las fotos ➡️

#lookdeldia #modaurbana #streetwear #slides #3ypico"
2027-01-01;2;Nike;Quest 6;blanco y rosa;3;Nike_Quest-6/blanco-rosa/IG_4x5;"Nike Quest 6 en blanco y rosa 👟 Desliza para ver todas las fotos ➡️

#modaespaña #estilo #sneakers #corredores #3ypico"
2027-01-02;1;Nike;SB Dunk Low;verde oscuro;3;Nike_SB-Dunk-Low/verde-oscuro/IG_4x5;"Nike SB Dunk Low en verde oscuro 👟 Desliza para ver todas las fotos ➡️

#tendencias #kicks #modaurbana #ootd #3ypico"
2027-01-03;1;Nike;Vomero;turquesa;6;Nike_Vomero/turquesa/IG_4x5;"Nike Vomero en turquesa 👟 Desliza para ver todas las fotos ➡️

#moda #estilo #sneakerhead #correr #3ypico"
2027-01-03;2;Nike;Zoom Fly 6;aguamarina;6;Nike_Zoom-Fly-6/aguamarina/IG_4x5;"Nike Zoom Fly 6 en aguamarina 👟 Desliza para ver todas las fotos ➡️

#modaespaña #streetwear #zapatillas #corredores #3ypico"
2027-01-04;1;Nike;Zoom Pegasus;negro;6;Nike_Zoom-Pegasus/negro/IG_4x5;"Nike Zoom Pegasus en negro 👟 Desliza para ver todas las fotos ➡️

#inspo #sneakerhead #sneakers #runner #3ypico"
2027-01-05;1;Salomon;Trendy Off Road;crema y rojo;6;Salomon_Trendy-Off-Road/crema-rojo/IG_4x5;"Salomon Trendy Off Road en crema y rojo 👟 Desliza para ver todas las fotos ➡️

#modaespaña #zapatillasdemoda #modaurbana #outfit #3ypico"
2027-01-05;2;Salomon;XA Pro 3D;negro;6;Salomon_XA-Pro-3D/negro/IG_4x5;"Salomon XA Pro 3D en negro 👟 Desliza para ver todas las fotos ➡️

#inspo #streetwear #sneakerhead #outdoor #3ypico"
2027-01-06;1;Adidas;ADISTAR 1;negro y rosa;6;Adidas_ADISTAR-1/negro-rosa/IG_4x5;"Adidas ADISTAR 1 en negro y rosa 👟 Desliza para ver todas las fotos ➡️

#tendencias #zapatillas #ootd #runner #3ypico"
2027-01-07;1;Adidas;Adizero Adios 4 M;rojo y negro;3;Adidas_Adizero-Adios-4-M/rojo-negro/IG_4x5;"Adidas Adizero Adios 4 M en rojo y negro 👟 Desliza para ver todas las fotos ➡️

#inspo #modaurbana #sneakers #zapatillasrunning #3ypico"
2027-01-07;2;Adidas;Adizero Adios Pro 4;turquesa y negro;6;Adidas_Adizero-Adios-Pro-4/turquesa-negro/IG_4x5;"Adidas Adizero Adios Pro 4 en turquesa y negro 👟 Desliza para ver todas las fotos ➡️

#modaespaña #zapatillasdemoda #zapatillas #runner #3ypico"
2027-01-08;1;Adidas;Adizero Evo SL;rojo;3;Adidas_Adizero-Evo-SL/rojo/IG_4x5;"Adidas Adizero Evo SL en rojo 👟 Desliza para ver todas las fotos ➡️

#tendencias #kicks #estilo #zapatillasrunning #3ypico"
2027-01-09;1;Adidas;Campus 00s;verde;3;Adidas_Campus-00s/verde/IG_4x5;"Adidas Campus 00s en verde 👟 Desliza para ver todas las fotos ➡️

#modaespaña #modaurbana #sneakerhead #ootd #3ypico"
2027-01-09;2;Adidas;Centennial 85;verde;5;Adidas_Centennial-85/verde/IG_4x5;"Adidas Centennial 85 en verde 👟 Desliza para ver todas las fotos ➡️

#inspo #estilo #sneakers #streetwear #3ypico"
2027-01-10;1;Adidas;Drop Step XL;crema y rosa;6;Adidas_Drop-Step-XL/crema-rosa/IG_4x5;"Adidas Drop Step XL en crema y rosa 👟 Desliza para ver todas las fotos ➡️

#lookdeldia #kicks #zapatillas #sneakerhead #3ypico"
2027-01-11;1;Adidas;Forum Exhibit;menta y crema;3;Adidas_Forum-Exhibit/menta-crema/IG_4x5;"Adidas Forum Exhibit en menta y crema 👟 Desliza para ver todas las fotos ➡️

#modaespaña #modaurbana #sneakers #ootd #3ypico"
2027-01-11;2;Adidas;Forum Low CL;tricolor;3;Adidas_Forum-Low-CL/tricolor/IG_4x5;"Adidas Forum Low CL en tricolor 👟 Desliza para ver todas las fotos ➡️

#tendencias #estilo #zapatillasdemoda #zapatillas #3ypico"
2027-01-12;1;Adidas;NEO Hoops 3.0;negro y blanco;6;Adidas_NEO-Hoops-3/negro-blanco/IG_4x5;"Adidas NEO Hoops 3.0 en negro y blanco 👟 Desliza para ver todas las fotos ➡️

#modaespaña #ootd #sneakerhead #modaurbana #3ypico"
2027-01-13;1;Adidas;NY 90;blanco y verde;5;Adidas_NY-90/blanco-verde/IG_4x5;"Adidas NY 90 en blanco y verde 👟 Desliza para ver todas las fotos ➡️

#inspo #zapatillasdemoda #kicks #outfit #3ypico"
2027-01-13;2;Adidas;Samba Kasina;rojo;6;Adidas_Samba-Kasina/rojo/IG_4x5;"Adidas Samba Kasina en rojo 👟 Desliza para ver todas las fotos ➡️

#moda #estilo #ootd #zapatillas #3ypico"
2027-01-14;1;Adidas;Sambae W;rosa coral;6;Adidas_Sambae-W/rosa-coral/IG_4x5;"Adidas Sambae W en rosa coral 👟 Desliza para ver todas las fotos ➡️

#inspo #kicks #sneakerhead #modaurbana #3ypico"
2027-01-15;1;Adidas;Superstar;negro y blanco;6;Adidas_Superstar/negro-blanco/IG_4x5;"Adidas Superstar en negro y blanco 👟 Desliza para ver todas las fotos ➡️

#moda #estilo #zapatillas #zapatillasdemoda #3ypico"
2027-01-15;2;Nike;Air Force 1 Low;negro;6;Nike_Air-Force-1-Low/negro/IG_4x5;"Nike Air Force 1 Low en negro 👟 Desliza para ver todas las fotos ➡️

#lookdeldia #streetwear #kicks #sneakers #3ypico"
2027-01-16;1;Nike;Air Force 1 Mid;trigo;6;Nike_Air-Force-1-Mid/trigo/IG_4x5;"Nike Air Force 1 Mid en trigo 👟 Desliza para ver todas las fotos ➡️

#inspo #estilo #zapatillasdemoda #outfit #3ypico"
2027-01-17;1;Nike;Dunk Low Retro;verde;2;Nike_Dunk-Low-Retro/verde/IG_4x5;"Nike Dunk Low Retro en verde 👟 Desliza para ver todas las fotos ➡️

#modaespaña #ootd #streetwear #modaurbana #3ypico"
2027-01-17;2;Nike;Jordan Stadium 90;salvia y granate;5;Nike_Jordan-Stadium-90/salvia-granate/IG_4x5;"Nike Jordan Stadium 90 en salvia y granate 👟 Desliza para ver todas las fotos ➡️

#lookdeldia #kicks #zapatillasdemoda #outfit #3ypico"
2027-01-18;1;Nike;Mind;rojo coral;2;Nike_Mind/rojo-coral/IG_4x5;"Nike Mind en rojo coral 👟 Desliza para ver todas las fotos ➡️

#tendencias #estilo #zapatillas #chanclas #3ypico"
2027-01-19;1;Nike;Quest 6;negro;6;Nike_Quest-6/negro/IG_4x5;"Nike Quest 6 en negro 👟 Desliza para ver todas las fotos ➡️

#moda #outfit #kicks #runner #3ypico"
2027-01-19;2;Nike;SB Dunk Low;verde y rojo;4;Nike_SB-Dunk-Low/verde-rojo/IG_4x5;"Nike SB Dunk Low en verde y rojo 👟 Desliza para ver todas las fotos ➡️

#inspo #streetwear #zapatillas #sneakers #3ypico"
2027-01-20;1;Nike;Vomero;verde lima;6;Nike_Vomero/verde-lima/IG_4x5;"Nike Vomero en verde lima 👟 Desliza para ver todas las fotos ➡️

#lookdeldia #sneakerhead #ootd #corredores #3ypico"
2027-01-21;1;Nike;Zoom Fly 6;blanco y naranja;6;Nike_Zoom-Fly-6/blanco-naranja/IG_4x5;"Nike Zoom Fly 6 en blanco y naranja 👟 Desliza para ver todas las fotos ➡️

#moda #streetwear #outfit #running #3ypico"
2027-01-21;2;Nike;Zoom Pegasus;rosa coral;6;Nike_Zoom-Pegasus/rosa-coral/IG_4x5;"Nike Zoom Pegasus en rosa coral 👟 Desliza para ver todas las fotos ➡️

#tendencias #sneakers #sneakerhead #corredores #3ypico"
2027-01-22;1;Salomon;Outdoor Trail Running;negro;6;Salomon_Outdoor-Trail-Running/negro/IG_4x5;"Salomon Outdoor Trail Running en negro 👟 Desliza para ver todas las fotos ➡️

#moda #kicks #modaurbana #trailrunning #3ypico"
2027-01-23;1;Salomon;Trendy Off Road;negro;5;Salomon_Trendy-Off-Road/negro/IG_4x5;"Salomon Trendy Off Road en negro 👟 Desliza para ver todas las fotos ➡️

#lookdeldia #estilo #sneakerhead #zapatillas #3ypico"
2027-01-23;2;Salomon;X-ALP LTR;gris y menta;6;Salomon_X-ALP-LTR/gris-menta/IG_4x5;"Salomon X-ALP LTR en gris y menta 👟 Desliza para ver todas las fotos ➡️

#tendencias #zapatillasdemoda #sneakers #senderismo #3ypico"
2027-01-24;1;Salomon;XA Pro 3D;salvia y crema;6;Salomon_XA-Pro-3D/salvia-crema/IG_4x5;"Salomon XA Pro 3D en salvia y crema 👟 Desliza para ver todas las fotos ➡️

#modaespaña #sneakerhead #ootd #outdoor #3ypico"
